Workbook

Sheet SWP Calculator
A1: SWP CALCULATOR
A2: Initial Investment | C2: 1000000 | E2: Annual Withdrawal | G2: 0.1
A3: SWP Start Date | C3: 43252 | E3: Total Withdrawn | G3: =SUM(G10:G105) -> 899669.56
A4: Latest NAV Date | C4: {=INDEX('Fund Data'!A:A,COUNTA('Fund Data'!A:A))} -> 46128 | E4: Current Portfolio Value | G4: {=LOOKUP(2,1/(ISNUMBER(F10:F105)),F10:F105)} -> 1294148.3
A5: Units Purchased at Start | C5: =C2/_xlfn.XLOOKUP(C6,'Fund Data'!$A:$A,'Fund Data'!$B:$B,0,-1) -> 3432.6514 | E5: Net Gain / Loss | G5: =(G4+G3)-C2 -> 1193817.9
A6: Investment Date | C6: 43221 | E6: XIRR | G6: {=IFERROR(XIRR(_xlfn.VSTACK(-$C$2,_xlfn._xlws.FILTER(G10:G105,ISNUMBER(G10:G105)),G4),_xlfn.VSTACK($C$6,_xlfn._xlws.FILTER(B10:B105,ISNUMBER(B10:B105)),C4)),"")} -> 0.13600466
A9: Month | B9: Withdrawal Date | C9: NAV on Date | D9: Units Redeemed | E9: Units Remaining | F9: Portfolio Value | G9: Amount Withdrawn | H9: XIRR (Annualised) | I9: =-$C$2 -> -1000000 | J9: =$C$6 -> 43221 | K9: Cash Flow+PV
A10: 1 | B10: =_xlfn.LET(_xlpm.d,EDATE($C$3,1),IF(_xlpm.d>$C$4,"",_xlfn.XLOOKUP(_xlpm.d,'Fund Data'!$A$2:$A$1971,'Fund Data'!$A$2:$A$1971,0,-1))) -> 43280 | C10: =IF(B10="","",_xlfn.XLOOKUP(B10,'Fund Data'!$A$2:$A$1971,'Fund Data'!$B$2:$B$1971,0,-1)) -> 285.73 | D10: =IF(B10="","",C5*$G$2/12) -> 28.605428 | E10: =IF(B10="","",$C$5-D10) -> 3404.046 | F10: =IF(B10="","",E10*C10) -> 972638.05 | G10: =IF(B10="","",D10*C10) -> 8173.429 | I10: =IF(B10="","",G10) -> 8173.429 | J10: =IF(B10="","",B10) -> 43280 | K10: =IF(B10="","",F10) -> 972638.05
A11: =ROW()-9 -> 2 | B11: =_xlfn.LET(_xlpm.d,EDATE($C$3,ROW()-9),IF(_xlpm.d>$C$4,"",_xlfn.XLOOKUP(_xlpm.d,'Fund Data'!$A$2:$A$1971,'Fund Data'!$A$2:$A$1971,0,-1))) -> 43313 | C11: =IF(B11="","",_xlfn.XLOOKUP(B11,'Fund Data'!$A$2:$A$1971,'Fund Data'!$B$2:$B$1971,0,-1)) -> 303.36 | D11: =IF(B11="","",F10*$G$2/12/C11) -> 26.718477 | E11: =IF(B11="","",E10-D11) -> 3377.3275 | F11: =IF(B11="","",E11*C11) -> 1024546.1 | G11: =IF(B11="","",D11*C11) -> 8105.3171 | H11: =IF(B11="","",XIRR(_xlfn.VSTACK(I$9:I10,K11),_xlfn.VSTACK(J$9:J10,B11))) -> 0.13666475 | I11: =IF(B11="","",G11) -> 8105.3171 | J11: =IF(B11="","",B11) -> 43313 | K11: =IF(B11="","",F11) -> 1024546.1
A12: =ROW()-9 -> 3 | B12: =_xlfn.LET(_xlpm.d,EDATE($C$3,ROW()-9),IF(_xlpm.d>$C$4,"",_xlfn.XLOOKUP(_xlpm.d,'Fund Data'!$A$2:$A$1971,'Fund Data'!$A$2:$A$1971,0,-1))) -> 43343 | C12: =IF(B12="","",_xlfn.XLOOKUP(B12,'Fund Data'!$A$2:$A$1971,'Fund Data'!$B$2:$B$1971,0,-1)) -> 320.2 | D12: =IF(B12="","",F11*$G$2/12/C12) -> 26.664222 | E12: =IF(B12="","",E11-D12) -> 3350.6633 | F12: =IF(B12="","",E12*C12) -> 1072882.4 | G12: =IF(B12="","",D12*C12) -> 8537.8839 | H12: =IF(B12="","",XIRR(_xlfn.VSTACK(I$9:I11,K12),_xlfn.VSTACK(J$9:J11,B12))) -> 0.29306666 | I12: =IF(B12="","",G12) -> 8537.8839 | J12: =IF(B12="","",B12) -> 43343 | K12: =IF(B12="","",F12) -> 1072882.4
A13: =ROW()-9 -> 4 | B13: =_xlfn.LET(_xlpm.d,EDATE($C$3,ROW()-9),IF(_xlpm.d>$C$4,"",_xlfn.XLOOKUP(_xlpm.d,'Fund Data'!$A$2:$A$1971,'Fund Data'!$A$2:$A$1971,0,-1))) -> 43374 | C13: =IF(B13="","",_xlfn.XLOOKUP(B13,'Fund Data'!$A$2:$A$1971,'Fund Data'!$B$2:$B$1971,0,-1)) -> 298.77 | D13: =IF(B13="","",F12*$G$2/12/C13) -> 29.924981 | E13: =IF(B13="","",E12-D13) -> 3320.7383 | F13: =IF(B13="","",E13*C13) -> 992136.97 | G13: =IF(B13="","",D13*C13) -> 8940.6864 | H13: =IF(B13="","",XIRR(_xlfn.VSTACK(I$9:I12,K13),_xlfn.VSTACK(J$9:J12,B13))) -> 0.041336563 | I13: =IF(B13="","",G13) -> 8940.6864 | J13: =IF(B13="","",B13) -> 43374 | K13: =IF(B13="","",F13) -> 992136.97
A14: =ROW()-9 -> 5 | B14: =_xlfn.LET(_xlpm.d,EDATE($C$3,ROW()-9),IF(_xlpm.d>$C$4,"",_xlfn.XLOOKUP(_xlpm.d,'Fund Data'!$A$2:$A$1971,'Fund Data'!$A$2:$A$1971,0,-1))) -> 43405 | C14: =IF(B14="","",_xlfn.XLOOKUP(B14,'Fund Data'!$A$2:$A$1971,'Fund Data'!$B$2:$B$1971,0,-1)) -> 288.93 | D14: =IF(B14="","",F13*$G$2/12/C14) -> 28.615264 | E14: =IF(B14="","",E13-D14) -> 3292.123 | F14: =IF(B14="","",E14*C14) -> 951193.1 | G14: =IF(B14="","",D14*C14) -> 8267.8081 | H14: =IF(B14="","",XIRR(_xlfn.VSTACK(I$9:I13,K14),_xlfn.VSTACK(J$9:J13,B14))) -> -0.030051634 | I14: =IF(B14="","",G14) -> 8267.8081 | J14: =IF(B14="","",B14) -> 43405 | K14: =IF(B14="","",F14) -> 951193.1
A15: =ROW()-9 -> 6 | B15: =_xlfn.LET(_xlpm.d,EDATE($C$3,ROW()-9),IF(_xlpm.d>$C$4,"",_xlfn.XLOOKUP(_xlpm.d,'Fund Data'!$A$2:$A$1971,'Fund Data'!$A$2:$A$1971,0,-1))) -> 43434 | C15: =IF(B15="","",_xlfn.XLOOKUP(B15,'Fund Data'!$A$2:$A$1971,'Fund Data'!$B$2:$B$1971,0,-1)) -> 293.32 | D15: =IF(B15="","",F14*$G$2/12/C15) -> 27.02376 | E15: =IF(B15="","",E14-D15) -> 3265.0992 | F15: =IF(B15="","",E15*C15) -> 957718.91 | G15: =IF(B15="","",D15*C15) -> 7926.6092 | H15: =IF(B15="","",XIRR(_xlfn.VSTACK(I$9:I14,K15),_xlfn.VSTACK(J$9:J14,B15))) -> -0.00044653118 | I15: =IF(B15="","",G15) -> 7926.6092 | J15: =IF(B15="","",B15) -> 43434 | K15: =IF(B15="","",F15) -> 957718.91
A16: =ROW()-9 -> 7 | B16: =_xlfn.LET(_xlpm.d,EDATE($C$3,ROW()-9),IF(_xlpm.d>$C$4,"",_xlfn.XLOOKUP(_xlpm.d,'Fund Data'!$A$2:$A$1971,'Fund Data'!$A$2:$A$1971,0,-1))) -> 43466 | C16: =IF(B16="","",_xlfn.XLOOKUP(B16,'Fund Data'!$A$2:$A$1971,'Fund Data'!$B$2:$B$1971,0,-1)) -> 297.85 | D16: =IF(B16="","",F15*$G$2/12/C16) -> 26.795336 | E16: =IF(B16="","",E15-D16) -> 3238.3039 | F16: =IF(B16="","",E16*C16) -> 964528.82 | G16: =IF(B16="","",D16*C16) -> 7980.9909 | H16: =IF(B16="","",XIRR(_xlfn.VSTACK(I$9:I15,K16),_xlfn.VSTACK(J$9:J15,B16))) -> 0.022136554 | I16: =IF(B16="","",G16) -> 7980.9909 | J16: =IF(B16="","",B16) -> 43466 | K16: =IF(B16="","",F16) -> 964528.82
A17: =ROW()-9 -> 8 | B17: =_xlfn.LET(_xlpm.d,EDATE($C$3,ROW()-9),IF(_xlpm.d>$C$4,"",_xlfn.XLOOKUP(_xlpm.d,'Fund Data'!$A$2:$A$1971,'Fund Data'!$A$2:$A$1971,0,-1))) -> 43497 | C17: =IF(B17="","",_xlfn.XLOOKUP(B17,'Fund Data'!$A$2:$A$1971,'Fund Data'!$B$2:$B$1971,0,-1)) -> 289.8 | D17: =IF(B17="","",F16*$G$2/12/C17) -> 27.735473 | E17: =IF(B17="","",E16-D17) -> 3210.5684 | F17: =IF(B17="","",E17*C17) -> 930422.73 | G17: =IF(B17="","",D17*C17) -> 8037.7402 | H17: =IF(B17="","",XIRR(_xlfn.VSTACK(I$9:I16,K17),_xlfn.VSTACK(J$9:J16,B17))) -> -0.015781763 | I17: =IF(B17="","",G17) -> 8037.7402 | J17: =IF(B17="","",B17) -> 43497 | K17: =IF(B17="","",F17) -> 930422.73
A18: =ROW()-9 -> 9 | B18: =_xlfn.LET(_xlpm.d,EDATE($C$3,ROW()-9),IF(_xlpm.d>$C$4,"",_xlfn.XLOOKUP(_xlpm.d,'Fund Data'!$A$2:$A$1971,'Fund Data'!$A$2:$A$1971,0,-1))) -> 43525 | C18: =IF(B18="","",_xlfn.XLOOKUP(B18,'Fund Data'!$A$2:$A$1971,'Fund Data'!$B$2:$B$1971,0,-1)) -> 293.41 | D18: =IF(B18="","",F17*$G$2/12/C18) -> 26.425557 | E18: =IF(B18="","",E17-D18) -> 3184.1429 | F18: =IF(B18="","",E18*C18) -> 934259.36 | G18: =IF(B18="","",D18*C18) -> 7753.5228 | H18: =IF(B18="","",XIRR(_xlfn.VSTACK(I$9:I17,K18),_xlfn.VSTACK(J$9:J17,B18))) -> 0.00028440058 | I18: =IF(B18="","",G18) -> 7753.5228 | J18: =IF(B18="","",B18) -> 43525 | K18: =IF(B18="","",F18) -> 934259.36
A19: =ROW()-9 -> 10 | B19: =_xlfn.LET(_xlpm.d,EDATE($C$3,ROW()-9),IF(_xlpm.d>$C$4,"",_xlfn.XLOOKUP(_xlpm.d,'Fund Data'!$A$2:$A$1971,'Fund Data'!$A$2:$A$1971,0,-1))) -> 43556 | C19: =IF(B19="","",_xlfn.XLOOKUP(B19,'Fund Data'!$A$2:$A$1971,'Fund Data'!$B$2:$B$1971,0,-1)) -> 314.04 | D19: =IF(B19="","",F18*$G$2/12/C19) -> 24.791411 | E19: =IF(B19="","",E18-D19) -> 3159.3515 | F19: =IF(B19="","",E19*C19) -> 992162.74 | G19: =IF(B19="","",D19*C19) -> 7785.4947 | H19: =IF(B19="","",XIRR(_xlfn.VSTACK(I$9:I18,K19),_xlfn.VSTACK(J$9:J18,B19))) -> 0.074483493 | I19: =IF(B19="","",G19) -> 7785.4947 | J19: =IF(B19="","",B19) -> 43556 | K19: =IF(B19="","",F19) -> 992162.74
A20: =ROW()-9 -> 11 | B20: =_xlfn.LET(_xlpm.d,EDATE($C$3,ROW()-9),IF(_xlpm.d>$C$4,"",_xlfn.XLOOKUP(_xlpm.d,'Fund Data'!$A$2:$A$1971,'Fund Data'!$A$2:$A$1971,0,-1))) -> 43585 | C20: =IF(B20="","",_xlfn.XLOOKUP(B20,'Fund Data'!$A$2:$A$1971,'Fund Data'!$B$2:$B$1971,0,-1)) -> 312.26 | D20: =IF(B20="","",F19*$G$2/12/C20) -> 26.478008 | E20: =IF(B20="","",E19-D20) -> 3132.8735 | F20: =IF(B20="","",E20*C20) -> 978271.07 | G20: =IF(B20="","",D20*C20) -> 8268.0228 | H20: =IF(B20="","",XIRR(_xlfn.VSTACK(I$9:I19,K20),_xlfn.VSTACK(J$9:J19,B20))) -> 0.062261084 | I20: =IF(B20="","",G20) -> 8268.0228 | J20: =IF(B20="","",B20) -> 43585 | K20: =IF(B20="","",F20) -> 978271.07
A21: =ROW()-9 -> 12 | B21: =_xlfn.LET(_xlpm.d,EDATE($C$3,ROW()-9),IF(_xlpm.d>$C$4,"",_xlfn.XLOOKUP(_xlpm.d,'Fund Data'!$A$2:$A$1971,'Fund Data'!$A$2:$A$1971,0,-1))) -> 43616 | C21: =IF(B21="","",_xlfn.XLOOKUP(B21,'Fund Data'!$A$2:$A$1971,'Fund Data'!$B$2:$B$1971,0,-1)) -> 317.16 | D21: =IF(B21="","",F20*$G$2/12/C21) -> 25.703931 | E21: =IF(B21="","",E20-D21) -> 3107.1695 | F21: =IF(B21="","",E21*C21) -> 985469.89 | G21: =IF(B21="","",D21*C21) -> 8152.2589 | H21: =IF(B21="","",XIRR(_xlfn.VSTACK(I$9:I20,K21),_xlfn.VSTACK(J$9:J20,B21))) -> 0.072298315 | I21: =IF(B21="","",G21) -> 8152.2589 | J21: =IF(B21="","",B21) -> 43616 | K21: =IF(B21="","",F21) -> 985469.89
A22: =ROW()-9 -> 13 | B22: =_xlfn.LET(_xlpm.d,EDATE($C$3,ROW()-9),IF(_xlpm.d>$C$4,"",_xlfn.XLOOKUP(_xlpm.d,'Fund Data'!$A$2:$A$1971,'Fund Data'!$A$2:$A$1971,0,-1))) -> 43647 | C22: =IF(B22="","",_xlfn.XLOOKUP(B22,'Fund Data'!$A$2:$A$1971,'Fund Data'!$B$2:$B$1971,0,-1)) -> 317.24 | D22: =IF(B22="","",F21*$G$2/12/C22) -> 25.88655 | E22: =IF(B22="","",E21-D22) -> 3081.283 | F22: =IF(B22="","",E22*C22) -> 977506.21 | G22: =IF(B22="","",D22*C22) -> 8212.2491 | H22: =IF(B22="","",XIRR(_xlfn.VSTACK(I$9:I21,K22),_xlfn.VSTACK(J$9:J21,B22))) -> 0.06731362 | I22: =IF(B22="","",G22) -> 8212.2491 | J22: =IF(B22="","",B22) -> 43647 | K22: =IF(B22="","",F22) -> 977506.21
... A103: =ROW()-9 -> 94 | B103: =_xlfn.LET(_xlpm.d,EDATE($C$3,ROW()-9),IF(_xlpm.d>$C$4,"",_xlfn.XLOOKUP(_xlpm.d,'Fund Data'!$A$2:$A$1971,'Fund Data'!$A$2:$A$1971,0,-1))) -> 46113 | C103: =IF(B103="","",_xlfn.XLOOKUP(B103,'Fund Data'!$A$2:$A$1971,'Fund Data'!$B$2:$B$1971,0,-1)) -> 821.7 | D103: =IF(B103="","",F102*$G$2/12/C103) -> 14.49021 | E103: =IF(B103="","",E102-D103) -> 1574.9645 | F103: =IF(B103="","",E103*C103) -> 1294148.3 | G103: =IF(B103="","",D103*C103) -> 11906.605 | H103: =IF(B103="","",XIRR(_xlfn.VSTACK(I$9:I102,K103),_xlfn.VSTACK(J$9:J102,B103))) -> 0.13563288 | I103: =IF(B103="","",G103) -> 11906.605 | J103: =IF(B103="","",B103) -> 46113 | K103: =IF(B103="","",F103) -> 1294148.3
A104: =ROW()-9 -> 95 | B104: =_xlfn.LET(_xlpm.d,EDATE($C$3,ROW()-9),IF(_xlpm.d>$C$4,"",_xlfn.XLOOKUP(_xlpm.d,'Fund Data'!$A$2:$A$1971,'Fund Data'!$A$2:$A$1971,0,-1))) | C104: =IF(B104="","",_xlfn.XLOOKUP(B104,'Fund Data'!$A$2:$A$1971,'Fund Data'!$B$2:$B$1971,0,-1)) | D104: =IF(B104="","",F103*$G$2/12/C104) | E104: =IF(B104="","",E103-D104) | F104: =IF(B104="","",E104*C104) | G104: =IF(B104="","",D104*C104) | H104: =IF(B104="","",XIRR(_xlfn.VSTACK(I$10:I103,K104),_xlfn.VSTACK(J$10:J103,B104))) | I104: =IF(B104="","",G104+IF(B105="",F104,0)) | J104: =IF(B104="","",B104) | K104: =IF(B104="","",G104+F104)
A105: =ROW()-9 -> 96 | B105: =_xlfn.LET(_xlpm.d,EDATE($C$3,ROW()-9),IF(_xlpm.d>$C$4,"",_xlfn.XLOOKUP(_xlpm.d,'Fund Data'!$A$2:$A$1971,'Fund Data'!$A$2:$A$1971,0,-1))) | C105: =IF(B105="","",_xlfn.XLOOKUP(B105,'Fund Data'!$A$2:$A$1971,'Fund Data'!$B$2:$B$1971,0,-1)) | D105: =IF(B105="","",F104*$G$2/12/C105) | E105: =IF(B105="","",E104-D105) | F105: =IF(B105="","",E105*C105) | G105: =IF(B105="","",D105*C105) | H105: =IF(B105="","",XIRR(_xlfn.VSTACK(I$10:I104,K105),_xlfn.VSTACK(J$10:J104,B105))) | I105: =IF(B105="","",G105+IF(B106="",F105,0)) | J105: =IF(B105="","",B105) | K105: =IF(B105="","",G105+F105)

Sheet Fund Data
A1: Date | B1: NAV
A2: 43207 | B2: 287.96
A3: 43208 | B3: 288.52
A4: 43209 | B4: 289.22
A5: 43210 | B5: 288.64
A6: 43213 | B6: 289.17
A7: 43214 | B7: 289.96
A8: 43215 | B8: 288.11
A9: 43216 | B9: 287.81
A10: 43217 | B10: 290.5
A11: 43220 | B11: 291.32
A12: 43222 | B12: 289.03
A13: 43223 | B13: 288.84
... A1971: 46128 | B1971: 905.82
